paper_id,title,study_type,is_nanoplastic_only,has_blood_serum_plasma_biomarkers,experimental_model,species,sex,exposure_route,exposure_duration,dose_groups,polymer_types,particle_shape,particle_size,blood_matrix,biomarkers.ALT,biomarkers.AST,biomarkers.ALP,biomarkers.GGT,biomarkers.HDL,biomarkers.LDL,biomarkers.cholesterol_total,biomarkers.triglycerides,biomarkers.glucose,biomarkers.urea,biomarkers.creatinine,biomarkers.bilirubin,biomarkers.MDA,biomarkers.AOPP,biomarkers.PAB,biomarkers.HNE
6c8a5abafbf4c721,"Impact of dietary exposure to polyester microfibers on hematology, serology and histology in a mouse model",in_vivo,False,True,albino mice,mouse,,diet (in feed),['35 days'],"['FL-100: 100 µg/day per mouse', 'FL-200: 200 µg/day per mouse', 'FL-400: 400 µg/day per mouse', 'FL-800: 800 µg/day per mouse']",['polyester'],fiber,length ~0.07 mm,serum,increased,increased,increased,,,,,,,increased,increased,increased,,,,
877a3aeb9c70cc4d,Lipidomics and transcriptomics insight into impacts of microplastics exposure on hepatic lipid metabolism in mice,in_vivo,False,True,C57BL/6 mice,mouse,male,drinking water,['8 weeks'],"['control (water alone)', 'low-dose 100 μg/L', 'high-dose 1000 μg/L']",['polystyrene (PS)'],microspheres,1 μm,serum and blood,,,,,,,,no_change,"decreased fasting (high-dose); increased during GTT (30, 60 min) with increased GTT AUC",,,,,,,
5c5e3f3ccb701451,99m Tc-DMSA and 99m Tc-DTPA identified renal dysfunction due to microplastic polyethylene in murine model,in_vivo,False,True,C57BL/6J mice,mouse,female,oral,['12 weeks'],"['Control (PBS)', 'PE 100 ppm (~0.1 mg/mL)/100 μL daily']",['polyethylene'],Fragmented (accumulated in kidney); original shape not reported,20.49 ± 0.52 μm,serum,,,,,,,,,,,increased,,,,,
a4ca7bd447d8538e,Chronic exposure to polyvinyl chloride microplastics induces liver injury and gut microbiota dysbiosis based on the integration of liver transcriptome profiles and full-length 16S rRNA sequencing data,in_vivo,False,True,mouse,C57BL/6 mouse,male,oral gavage,['60 days'],"['0.5 mg/day PVC-MPs', 'saline control']",['PVC'],approximately circular,2.08 ± 0.21 μm,serum,increased,increased,,,,,decreased,decreased,,,,,,,,
0a5ad870615a1ff4,Advances in investigating microcystin-induced liver toxicity and underlying mechanisms,in_vivo,True,False,zebrafish,zebrafish,,,[],[],[],,,,,,,,,,,,,,,,,,,
8e42e960b3a8a1de,Polystyrene microplastic exposure modulates gut microbiota and gut-liver axis in gilthead seabream (Sparus aurata),in_vivo,False,True,fish (gilthead seabream),Sparus aurata (gilthead seabream),,oral (dietary),['21 days'],"['Control: standard diet', 'PS1: 25 mg/kg b.w./day PS-MPs', 'PS2: 250 mg/kg b.w./day PS-MPs']",['polystyrene'],spherical,1-20 μm,serum,,,,,,,no_change,increased,,,,,,,,
3c4864d8bd7a3b07,Co-exposure to polystyrene microplastics and lead aggravated ovarian toxicity in female mice via the PERK/eIF2α signaling pathway,in_vivo,True,True,C57BL/6 mice,mouse,female,gavage (PS-MPs); Pb via drinking water,['28 days'],"['control', 'PS-MPs group (0.1 mg/d/mouse PS-MPs)', 'Pb group (1 g/L Pb)', 'PM group (0.1 mg/d/mouse PS-MPs + 1 g/L Pb)']",['polystyrene'],spherical,100 nm,serum,,,,,,,,,,,,,increased,,,
b08e1d2fb4a879b4,Ecotoxicology and Environmental Safety,in_vivo,False,True,C57BL/6 mice,mouse,both,oral gavage,['28 days'],['2 mg/kg/d'],['polystyrene (PS)'],irregular,<50 μm; aged average 27 ± 7 μm,serum,,,,,,decreased (females only),,,,,,,,,,
f94dd31dbc209358,Intestinal flora variation reflects the short-term damage of microplastic to the intestinal tract in mice,in_vivo,False,True,Kunming mice,mouse,,gavage (oral),['7 days'],"['Control: 0.2 mL ddH2O/day (oral)', 'PE: 20 mg/mL, 0.2 mL/day by gavage for 7 days', 'PP: 20 mg/mL, 0.2 mL/day by gavage for 7 days', 'PS: 20 mg/mL, 0.2 mL/day by gavage for 7 days', 'PVC: 20 mg/mL, 0.2 mL/day by gavage for 7 days', 'PET: 20 mg/mL, 0.2 mL/day by gavage for 7 days']","['PE', 'PP', 'PS', 'PVC', 'PET']",irregular; rough surfaces,"150-300 μm (diameter, mainly)",serum,,,,,no significant difference vs control,no significant difference vs control,no significant difference vs control,increased in PET and PVC vs control,,,,,,,,
b15ada9c97d46a91,Exposure of Cyprinus carpio var. larvae to PVC microplastics reveals significant immunological alterations and irreversible histological organ damage,in_vivo,False,True,Cyprinus carpio var. larvae,Cyprinus carpio var.,,dietary,['60 days'],"['control (0%)', '10% microplastics by weight', '20% microplastics by weight', '30% microplastics by weight']",['PVC'],,100-200 µm,serum,,,,,,,,,,,,,,,,
d6b67c094826eda3,Short term exposure to polystyrene nanoplastics in mice evokes self-regulation of glycolipid metabolism,in_vivo,True,True,ICR mice,mouse,male,gavage,['7 days'],"['PS NPs 50 mg/kg/day', 'aPS NPs 50 mg/kg/day', 'control (water)']",['polystyrene'],spherical,PS NPs 158.8 ± 1.3 nm; aPS NPs 117.0 ± 1.8 nm,serum,,,,,increased,decreased,increased,increased,increased,,,,,,,
c430bb89d5c43933,Combined exposure to polyvinyl chloride and polystyrene microplastics induces liver injury and perturbs gut microbial and serum metabolic homeostasis in mice,in_vivo,False,True,C57BL/6J mice,mouse,male,oral gavage,['60 days'],"['Control: saline', 'PS-PVC: PS 1 μm 0.5 mg/day + PVC 2 μm 0.5 mg/day, 60 days oral gavage']","['polystyrene', 'polyvinyl chloride', 'polystyrene (PS)', 'polyvinyl chloride (PVC)']",,PS 1 μm; PVC 2 μm,serum,increased,increased,,,,,increased,increased,,,,,,,,
bce4271941640534,PS-MPs promotes the progression of inflammation and fibrosis in diabetic nephropathy through NLRP3/Caspase-1 and TGF-β1/Smad2/3 signaling pathways,in_vivo,False,True,db/db mice (with db/m controls),Mouse,male,oral,"['12 weeks', '3 months']",[],['Polystyrene (PS)'],beads,0.5 μm diameter,serum,,,,,,,,,increased,increased,increased,,,,,
29923eeb756dd504,Polyethylene terephthalate microplastics affect gut microbiota distribution and intestinal damage in mice,in_vivo,False,True,C57BL/6 mice,mouse,male,oral gavage,"['14 days', '28 days']","['0 mg/kg bw (control)', '10 mg/kg bw', '50 mg/kg bw', '250 mg/kg bw']",['PET'],irregular,4-20 μm,serum,increased,no_change,,,,,no_change,no_change,increased,,,,,,,
db31f1ccc9bf1f34,Microplastics and nanoplastics co-exposure modulates chromium bioaccumulation and physiological responses in rats,in_vivo,False,True,Wistar rats,rat,,oral gavage,['28 days'],"['control: 1 mL tap water by oral gavage, weekly for 28 days', 'MNPs: 1 mL MNPs by oral gavage, weekly for 28 days; 1.4 mg/week (200 µg/day equivalent)', 'Cr(VI): 1 mL K2Cr2O7 by oral gavage, weekly for 28 days; 8 µg/week (1.14 µg/day)', 'MNPs + Cr(VI): 1 mL MNPs + K2Cr2O7 by oral gavage, weekly for 28 days']",['polystyrene'],,"7 µm (micro), 100 nm (nano)",serum,no_change,no_change,,,,,increased,,no_change,,increased,no_change,,,,
e423632c3d90a0e4,Maternal exposure to different sizes of polystyrene microplastics during gestation causes metabolic disorders in their offspring *,in_vivo,False,True,Maternal exposure during gestation in mice; F1 offspring analyzed,mouse (ICR),both,drinking water,['gestation (GD 0 to production day)'],"['0.5 mm-100 mg/L', '0.5 mm-1000 mg/L', '5 mm-100 mg/L', '5 mm-1000 mg/L']",['polystyrene'],not reported,0.5 mm and 5 mm,serum,,,,,"female: no significant change; male: decreased in 0.5 mm-L, 0.5 mm-H, 5 mm-H",female: no significant change; male: increased,female: downward trend (not significant); male: increased significantly in each MPs-treated group,female: decreased (significant in 5 mm-L and 5 mm-H); male: decreased significantly in each test group,,,,,,,,
c4f39ca4cf692877,Why do microplastics aggravate cholestatic liver disease? The NLRP3-mediated intestinal barrier integrity damage matter ☆,in_vivo,False,True,Mdr2 −/− mice (cholestatic liver disease model),mouse,male,gavage,['28 days'],"['Mdr2−/− + PS-MPs: 0.5 μm polystyrene at 200 μg/day by gavage for 28 days', 'Mdr2−/− control (no PS-MPs)', 'Mdr2−/− + PS-MPs + MCC950: MCC950 10 mg/kg i.p. on days 0, 1, 2, 4 and every two days thereafter', 'Mdr2−/− + MCC950: MCC950 10 mg/kg i.p. on days 0, 1, 2, 4 and every two days thereafter']",['polystyrene'],,0.5 μm,serum,increased,increased,increased,increased,,,,,,,,,,,,
2807b0c5d5bbd115,Unraveling the impact of micro-and nano-sized polymethyl methacrylate on gut microbiota and liver lipid metabolism: Insights from oral exposure studies ☆,in_vivo,False,True,C57BL/6J mice,mouse,female,oral (drinking water),['60 days (8 weeks)'],"['Control (regular drinking water)', 'PMMA-NP 100 nm at 200 μg/L in drinking water', 'PMMA-MP 2 μm at 200 μg/L in drinking water']",['PMMA'],spherical,100 nm and 2 μm,serum,increased,increased,,,decreased,increased,increased,no significant change,,,,,increased,,,
d94220e7d45fadf2,Impact of food matrices on the characteristics and cellular toxicities of ingested nanoplastics in a simulated digestive tract,in_vitro,True,False,Caco-2 cells,Caco-2 cells,,Cell culture media exposure to digested PS-NPs applied to Caco-2 cells,"['24 h', '48 h', '72 h']","['PS-NPs: 0, 10.84, 21.68 μg/mL (applied via final intestinal digesta in DMEM)', 'Cadmium: 2.7 nM (co-exposure with PS-NPs 10.84 μg/mL), with and without in vitro gastrointestinal digestion']",['polystyrene'],spherical,50 nm,,,,,,,,,,,,,,,,,
a216176d2108b7ff,Polystyrene microplastics facilitate renal fibrosis through accelerating tubular epithelial cell senescence,in_vivo,False,True,BALB/C mice,mouse,male,oral gavage,"['4 weeks', '28 days']","['Control', '0.5 mg/day PS', '0.5 mg/day PS-SO3H', '0.5 mg/day PS-NH2']","['polystyrene (PS)', 'amino-modified polystyrene (PS-NH2)', 'sulfonic-modified polystyrene (PS-SO3H)']",spherical,5 μm,serum,,,,,,,,,,increased in PS-NH2 group; no significant change in PS or PS-SO3H,increased in PS-SO3H and PS-NH2 groups,,,,,
147f8d87ebdc7eeb,Sub-chronic exposure of Oreochromis niloticus to environmentally relevant concentrations of smaller microplastics: Accumulation and toxico-physiological responses,in_vivo,False,True,fish,Oreochromis niloticus,,,['14 days'],"['control', '0.01 mg/L', '0.1 mg/L', '1 mg/L']",['polystyrene'],spherical,1 μm,serum,increased,,,,,,,,increased,,,,,,,
d482a506bd44009d,Enhanced hepatic metabolic perturbation of polystyrene nanoplastics by UV irradiation-induced hydroxyl radical generation,in_vivo,True,True,male ICR mice,mouse,male,oral gavage,['28 days'],"['PS NPs 50 mg/(kg·day)', 'aPS NPs 50 mg/(kg·day)', 'control (DDW)']",['Polystyrene'],spherical,100 nm,serum,decrease,decrease,,,decrease,increase,increase,increase,increase,,,,,,,
48e118ebe17a0dd4,Probiotics ameliorate polyethylene microplastics-induced liver injury by inhibition of oxidative stress in Nile tilapia (Oreochromis niloticus),in_vivo,False,True,fish,Nile tilapia (Oreochromis niloticus),,waterborne,['2 weeks'],"['Control (no PS-MPs)', '1 mg/L of 0.5 µm PS-MPs (waterborne)', '1 mg/L of 0.5 µm PS-MPs + probiotics 3 g/kg', '1 mg/L of 0.5 µm PS-MPs + probiotics 6 g/kg', '1 mg/L of 0.5 µm PS-MPs + NAC 100 mg/kg/d']",['polystyrene (PS)'],spherical beads,0.5 µm,serum,increased,increased,,,,,,,,,,,increased,,,
19f4792e009af57e,"Investigations of hemato-biochemical and histopathological parameters, and growth performance of walking catfish (Clarias batrachus) exposed to PET and LDPE microplastics",in_vivo,False,True,walking catfish,Clarias batrachus,,dietary,"['30 days', '60 days']","['T0 control (commercial feed only)', 'T1 commercial feed + PET fragments (fed separately)', 'T2 PET fragment-mended commercial feed', 'T3 LDPE pellet-mended commercial feed']","['polyethylene terephthalate (PET)', 'low-density polyethylene (LDPE)']","fragments (irregular), pellets (round)",fragments 1-2 mm; pellets 2.9-3.0 mm,serum,increased,increased,,,,,,decreased,increased,increased,,,,,,
0e430344f6df0b8b,"Toxic effects of polyethylene microplastics on transcriptional changes, biochemical response, and oxidative stress in common carp (Cyprinus carpio)",in_vivo,False,True,common carp,Cyprinus carpio,,water,['30 days'],"['0 μg L−1', '175 μg L−1', '350 μg L−1', '700 μg L−1', '1400 μg L−1']",['High-density polyethylene (PE100)'],powder,<0.2 mm,plasma,increased (350-1400 μg L−1),increased (350-1400 μg L−1),increased (350-1400 μg L−1),increased (350-1400 μg L−1),,,increased (700 and 1400 μg L−1),increased (700 and 1400 μg L−1),"increased (350, 700, 1400 μg L−1)",,increased (350-1400 μg L−1),,,,,
8fcafc1f10d75406,Individual and combined effects of microplastics and diphenyl phthalate as plastic additives on male goldfish: A biochemical and physiological investigation,in_vivo,False,True,goldfish,goldfish,male,waterborne,['28 days'],"['Control (no MPs, no DPP)', 'DPP 2.5 µL/L', 'DPP 5.0 µL/L', 'DPP 7.5 µL/L', 'MPs 20 mg/L', 'MPs 40 mg/L', 'DPP 2.5 µL/L + MPs 20 mg/L', 'DPP 2.5 µL/L + MPs 40 mg/L', 'DPP 5.0 µL/L + MPs 20 mg/L', 'DPP 5.0 µL/L + MPs 40 mg/L', 'DPP 7.5 µL/L + MPs 20 mg/L', 'DPP 7.5 µL/L + MPs 40 mg/L']","['HDPE', 'high-density polyethylene (HDPE)']",powder,15-25 µm (average <0.02 mm),plasma,increase,mixed,mixed,mixed,mixed,mixed,increase,mixed,mixed,,mixed,,,,,
6664f21727078c4f,German Congress of Laboratory Medicine: 19th Annual Congress of the DGKL and 6th Symposium of the Biomedical Analytics of the DVTA e. V. together with the 6th German POCT-Symposium,ex_vivo,False,False,synovial fluid samples from artificial joints,unknown,,,[],[],"['polyethylene', 'polystyrene', 'silicone derivates', 'silicone derivatives']",,<10 μm,,,,,,,,,,,,,,,,,
e4341d58204e2762,Single and combined toxicity of tadalafil (Cilais) and microplastic in Tilapia fish (Oreochromis niloticus),in_vivo,False,True,fish,Oreochromis niloticus,,waterborne,['15 days'],"['control (water only)', '10 mg/L PE-MPs', '20 mg/L tadalafil', '20 mg/L tadalafil + 10 mg/L PE-MPs']",['polyethylene'],,,serum,increased,increased,,,,,,,increased,,increased,,increased,,,
e0d7fd17d9a5a9f6,PEER-REVIEWED CERTIFICATION,in_vivo,False,True,Wistar rats,rat,male,drinking water,"['4 weeks', '28 days']","['0.5 mg/L (drinking water)', '5 mg/L (drinking water)', '50 mg/L (drinking water)']","['polystyrene', 'polystyrene (PS)', 'polyethylene (PE)', 'polypropylene (PP)']",sphere-shaped,1 μm diameter,blood,,,,,,,,,decreased (dose-dependent),,,,,,,
8fded77eafd0487e,"Effects of potentially toxic metals on fish physiology, histopathology and impact on human health",unknown,False,True,fish,multiple fish species,,,[],[],[],,,serum and plasma,increase,increase,,,decrease,,decrease,decrease,increase,,,,,,,
d8647959dee719b3,Toxicity Effects of Microplastics Individually and in Combination the Fish Pathogen Yersinia Ruckeri on the Rainbow Trout (Oncorhynchus Mykiss),in_vivo,False,True,juvenile rainbow trout,Oncorhynchus mykiss,,waterborne,['30 days'],"['Control (no MPs, no Y. ruckeri)', '5% LD50 of Y. ruckeri', '10% LD50 of Y. ruckeri', '500 mg kg-1 MPs', '1000 mg kg-1 MPs', '5% LD50 Y. ruckeri + 500 mg kg-1 MPs', '5% LD50 Y. ruckeri + 1000 mg kg-1 MPs', '10% LD50 Y. ruckeri + 500 mg kg-1 MPs', '10% LD50 Y. ruckeri + 1000 mg kg-1 MPs']",['High-density polyethylene (PE100)'],powder,<0.2 mm,plasma,increase,increase,increase,decrease,decrease,decrease,decrease,increase,increase,,increase,,increase,,,
236435fa34b87992,Attenuation of Rat Colon Carcinogenesis by Styela plicata Aqueous Extract. Modulation of NF-κB Pathway and Cytoplasmic Sod1 Gene Expression,in_vivo,False,True,Sprague-Dawley rats,Rat,male,,[],[],"['xylan', 'mucopolysaccharides']",,,serum,,increased,,,,,,,,,,,,,,
5f0cf8648e2ab82f,Review article: Hepatic steatosis and its associations with acute and chronic liver diseases,unknown,False,False,unknown,unknown,,,[],[],[],,smaller than a micrometre in diameter,,,,,,,,,,,,,,,,,
b442dcb3ea10fcf3,Analysis of Biodistribution and in vivo Toxicity of Varying Sized Polystyrene Micro and Nanoplastics in Mice,in_vivo,False,True,BALB/c mice,mouse,,gavage (intragastric administration),['28 days'],"['PS50 10 mg/kg BW', 'PS50 1 mg/kg BW', 'PS100 10 mg/kg BW', 'PS100 1 mg/kg BW', 'PS500 10 mg/kg BW', 'PS500 1 mg/kg BW']",['polystyrene'],spherical,"50 nm, 100 nm, 500 nm",serum,,,,,decreased,,decreased,,increased,increased,increased,,,,,
c444b54a3d659e7a,Protective Role of Dietary Anthocyanidin Against Genotoxicity and Hepatotoxicity Influenced by Imidacloprid in the Nile Tilapia,in_vivo,False,True,juvenile Nile tilapia,Oreochromis niloticus,,,['30 days'],[],"['agarose', 'fish gel (gelatin)', 'paraffin']",,,serum,increased,increased,,,decreased,increased,,,,,,,,,,
9e0db596c95663ff,"Growth performance, hematological and oxidative stress responses in Nile tilapia (Oreochromis niloticus) exposed to polypropylene microplastics",in_vivo,False,True,fish,Oreochromis niloticus (Nile tilapia),,dietary (via feed),['7 weeks'],"['Control (no plastics)', 'Low (1.5 g PP/kg feed)', 'Medium (3.0 g PP/kg feed)', 'High (4.5 g PP/kg feed)']","['Polypropylene (PP)', 'polypropylene']",powdered fragments,0.2-1 mm,blood and serum,,,,,,,increase,,increase,,increase,,,,,
4c6b6df2cf90bdb6,Toxicological effects of microplastics in renal ischemiareperfusion injury,in_vivo,False,True,mouse unilateral renal ischemia-reperfusion (UIR) model with long-term microplastic exposure,mouse (ICR),male,oral,"['12 weeks MPs exposure', 'serum collected 1 week after IR']","['Group 3: 0.5 μm MPs, 1 mg/L', 'Group 4: IR injury with 0.5 μm MPs, 1 mg/L']","['polystyrene', 'Polystyrene']",,0.5 μm,serum,,,,,,,,,,slightly increased; not significant,slightly increased; not significant,,,,,
b312fa254d370fd2,Combined exposure to lead and microplastics increased risk of glucose metabolism in mice via the Nrf2/NF-κB pathway,in_vivo,False,True,mice,mouse,,drinking water,['6 weeks'],"['Control: distilled water', 'Pb: 100 mg/L in water', 'MPs: 10 mg/L PE+PVC in water', 'Pb+MPs: 100 mg/L Pb + 10 mg/L PE+PVC in water']","['polyethylene', 'polyvinyl chloride', 'Polyethylene (PE)', 'Polyvinyl chloride (PVC)']",,6.5 μm diameter,serum,increased,increased,,,no significant change,increased,no significant change,no significant change,no significant change,,,,,,,
37cf7127995621f6,"Wistar Rats Hippocampal Neurons Response to Blood Low-Density Polyethylene Microplastics: A Pathway Analysis of SOD, CAT, MDA, 8-OHdG Expression in Hippocampal Neurons and Blood Serum Aβ42 Levels",in_vivo,False,True,Wistar rats,Wistar rats,,oral,['90 days'],"['control', '0.0375 mg', '0.075 mg', '0.15 mg', '0.3 mg', '0.6 mg']",['Low-density polyethylene'],"irregular, sharp-edged",<20 μm,serum,,,,,,,,,,,,,,,,
abfb919690741e40,Curcumin: A Potential Detoxifier Against Chemical and Natural Toxicants,unknown,False,False,,,,,[],[],"['polyacrylamide', 'epoxy resins', 'polycarbonate plastics', 'polyethylene glycol (PEG)', 'polymeric nanoparticles', 'polymeric conjugates']",,,,,,,,,,,,,,,,,,,
bc8f30c037230cb4,Thyroid endocrine status and biochemical stress responses in adult male Wistar rats chronically exposed to pristine polystyrene nanoplastics †,in_vivo,True,True,Adult male Wistar rats,Wistar rat,male,oral gavage,['35 days'],"['1 mg/kg/day', '3 mg/kg/day', '6 mg/kg/day', '10 mg/kg/day']",['polystyrene'],spherical,25 and 50 nm nominal; hydrodynamic diameter ~38.92 nm,serum,increase,increase,,,decrease,increase,increase,,,,increase,,,,,
5148e713794e3cc3,TesiDottorato_MarchiArianna.pdf,in_vivo,False,True,fish,Meagre,,,[],"['C (control)', 'PEA 7%', 'PEA 18%', 'PEA 27%']",[],,3 mm; 0.5 mm,plasma,,,,,,,,,higher in control; lower in PEA27%,,,,,,,
847a234800c45616,World Journal of Diabetes,unknown,False,True,review article,"human, mouse, rat",,,[],[],"['polyethylene', 'polyethylene terephthalate', 'polyvinyl acetate', 'polyvinyl chloride']",,,blood,,,,,,increased,,increased,increased,,,,increased,,,
ba51cf4187ee2f89,World Journal of Hepatology,unknown,False,False,unknown,unknown,,,[],[],"['polystyrene', 'polyethylene glycol', 'chitosan', 'nanocellulose']","various (mesoporous, nanorods, rod-shaped rutile, agglomerated)",various (4-1000 nm),,,,,,,,,,,,,,,,,
167f6b559679c013,"The protective role of virgin olive oil and vitamin E on mercury-induced hepatic, renal, testicular and adrenal toxicity in the rabbit (Oryctolagus cuniculus)",in_vivo,False,True,rabbit,Oryctolagus cuniculus,male,gavage,['30 days'],"['Control (group C): standard diet', 'Group M: HgCl2 0.25 mg/kg b.w.', 'Group O: HgCl2 0.25 mg/kg b.w. + virgin olive oil 3 ml/kg b.w.', 'Group E: HgCl2 0.25 mg/kg b.w. + vitamin E 3 mg/kg b.w.']",['polyethylene'],,,plasma,decreased,decreased,decreased,,,,increased,increased,,increased,increased,,,,,
b341a0942085fe43,"Reduced Glutathione Promoted Growth Performance by Improving the Jejunal Barrier, Antioxidant Function, and Altering Proteomics of Weaned Piglets",in_vivo,False,True,weaned barrow piglets,pig,barrow,diet,['28 d'],"['CON (basal diet)', 'ABX (basal diet + 75 mg/kg chlortetracycline)', 'GSH1 (50 mg/kg GSH)', 'GSH2 (65 mg/kg GSH)', 'GSH3 (100 mg/kg GSH)']",[],,1.6 μm,plasma,,increased in ABX vs CON; decreased in GSH1 and GSH2 vs ABX; decreased in GSH3 vs CON and ABX,,,,,increased in GSH2 vs CON,increased in GSH2 vs CON,decreased in GSH2 vs CON,,,,,,,
aa2cfcf39ffc7f06,Journey of micronanoplastics with blood components,unknown,False,True,"review article synthesizing multiple in vivo, in vitro, and ex vivo studies",multiple,,,[],[],"['polystyrene (PS)', 'polyethylene (PE)', 'polypropylene (PP)', 'polyvinyl chloride (PVC)', 'polyethylene terephthalate (PET)', 'polyamide', 'poly(methyl methacrylate) (PMMA)', 'low-density polyethylene (LDPE)', 'high-density polyethylene (HDPE)']",beads,,,increased,increased,increased,decreased,,,,decreased,increased,increased,increased,,,,,
340c3bb35c84a4b2,Microplastics exposure altered hematological and lipid profiles as well as liver and kidney function parameters in albino rats (Rattus norvegicus),in_vivo,False,True,albino rat,Rattus norvegicus,,oral,['28 days'],"['1% microplastic solution', '5% microplastic solution', '10% microplastic solution']","['polyethylene', 'polypropylene']",fragments and pellets,0.1 μm to 2 mm,serum,increased,increased,"increased (10%), decreased (1%, 5%)",,"increased (1% and 5%), decreased (10%)","increased (1% and 5%), decreased (10%)","increased (1% and 5%), decreased (10%)","increased (1% and 5%), decreased (10%)",,"increased (1% and 5%), decreased (10%)",increased,,,,,
e8c46439af0994cd,Oral Exposure to Polystyrene Microplastics of Mice on a Normal or High-Fat Diet and Intestinal and Metabolic Outcomes,in_vivo,False,True,C57BL/6J male mice,mouse,male,oral,['4 weeks'],"['ND + MPs (1,000 µg/L in drinking water)', 'ND (no MPs)', 'HFD + MPs (1,000 µg/L in drinking water)', 'HFD (no MPs)']",['polystyrene'],not reported,0.45-0.53 µm,serum,increased (HFD+MPs vs HFD),,,,,increased (HFD+MPs vs HFD),,increased (HFD+MPs vs HFD),increased (iPGTT; MP groups vs respective controls),,,,,,,
8a1359eb2ebd4119,"Epithelial barrier hypothesis in the context of nutrition, microbial dysbiosis, and immune dysregulation in metabolic dysfunctionassociated steatotic liver",unknown,False,True,not specified,not specified,,,[],[],[],,,,decreased,decreased,decreased,decreased,increased,decreased,decreased,decreased,decreased,,,,,,,
ae035df0d5b6a301,Oral exposure to high concentrations of polystyrene microplastics alters the intestinal environment and metabolic outcomes in mice,in_vivo,False,True,C57BL/6J male mice,mouse,male,oral,['6 weeks'],"['1000 μg/L in drinking water', '5000 μg/L in drinking water', '0.2 mg/kg BW/day (calculated)', '1.0 mg/kg BW/day (calculated)']",['polystyrene'],,0.45-0.53 mm,serum,no change,no change,,,,,no change,increase,,,,,,,,
58041a667d1f9ed8,Toxicity of gold nanoparticles complicated by the co-existence multiscale plastics,in_vivo,False,True,ICR mice (SPF),mouse,both,oral gavage,['90 consecutive days'],"['Control (water)', 'AuR only', 'AuR + PS 500 nm (nPS)', 'AuR + PS 5 µm (mPS)']","['polystyrene (PS)', 'polystyrene']",nanorod,500 nm and 5 µm,serum,increased (co-exposure groups vs control),increased (co-exposure groups vs control),,,no_change,no_change,no_change,no_change,,increased (BUN increased in co-exposure groups),no_change,,,,,
dd74f2b4e09b9794,"Polystyrene microplastics induced nephrotoxicity associated with oxidative stress, inflammation, and endoplasmic reticulum stress in juvenile rats",in_vivo,False,True,juvenile female Sprague-Dawley rats,rat,female,oral gavage,['28 days'],"['control', 'PSMPs 2.0 mg/kg/d (oral gavage)', 'PSMPs 2.0 mg/kg/d + NAC 100 mg/kg i.p. every two days', 'PSMPs 2.0 mg/kg/d + Sal 1.5 mg/kg i.p. every two days']",['polystyrene'],spherical,1 μm,serum,,,,,,,,,,increase,increase,,,,,
e7c3d1496638f631,Natural saponins and macrophage polarization: Mechanistic insights and therapeutic perspectives in disease management,unknown,False,False,unknown,unknown,,,[],[],['PEG-PLGA'],,75-90 nm,,,,,,,,,,,,,,,,,
ed193ffdb7bba2e7,Simulated Microplastic Release from Cutting Boards and Evaluation of Intestinal Inflammation and Gut Microbiota in Mice,in_vivo,False,True,Balb/c mice,mouse,female,dietary (fed diets prepared on cutting boards),"['4 wk', '12 wk']","['PP cutting board diet', 'PE cutting board diet', 'WB cutting board diet (control)']","['polypropylene (PP)', 'polyethylene (PE)']",irregular,PP mean 10.4 ± 0.96 µm; PE mean 27.4 ± 1.45 µm,serum,,,,,,,,,,,,,,,,
46751afdeb532972,"AChE: Acetylcholinesterase activity ADA: Adenosine deaminase ALP: Alkaline phosphatase ALT: alanine transaminase ANOVA: Analysis of variance AST: Aspartate aminotransferase ASW: Artificial seawater cDNA: Complementary DNA CECs: Contaminants of emerging concern CK: Creatine kinase DLS: Dynamic light scattering DNA: Deoxyribonucleic acid EA: Esterase activity ENAs: Erythrocytic nuclear abnormalities FAO: Food and Agriculture Organization HIS: Hepatosomatic index IBR: Integrated biomarker response IU: International unit IUCN: International Union for Conservation of Nature MDA: Malondialdehyde MPs: Microplastics MNPs: Micro(nano)plastics mRNA: Messenger RNA MS222: Tricaine methanesulfonate MTT: 3-(4,5-dimethylthiazol-2-yl) 2,5-diphenyl-2H-tetrazolium bromide NMDR: Non-monotonic dose response NOAEL: No observed adverse effect level NPs: Nanoplastics NTA: Nanoparticle tracking analysis OECD: Organisation for Economic Co-operation and Development OSI: Oxidative stress index PBS: Phosphate buffered saline PCO: Principal Coordinates PDI: Polydispersity index PE: Polyethylene PET: Polyethylene terephthalate PolyIC: Polyinosinic:polycytidylic acid PMMA: Poly(methylmethacylate) POPs: Persistent organic pollutants PP: Polypropylene PS: Polystyrene PUR: Polyurethane PVC: Polyvinylchloride RNA: Ribonucleic acid ROS: Reactive Oxygen Species RTGut: Rainbow trout (Oncorhynchus mkiss) intestinal epithelial cell line RT-qPCR: Quantitative reverse transcription polymerase chain reaction TAC: Total antioxidant capacity TEAC: Trolox equivalent antioxidant capacity TOS: Total oxidative status UNEP: United Nations Environment Programme WGA: Wheat germ agglutinin WHO: World Health Organization ZFL: Zebrafish liver cells",in_vivo,True,True,fish (gilthead seabream),Sparus aurata,,water,"['24 h', '96 h']","['0 mg/L', '0.001 mg/L', '0.01 mg/L', '0.1 mg/L', '1 mg/L', '10 mg/L']",['PMMA'],quasi-spherical,45 nm,plasma,,,,,,,increased,increased,,,,,,,,
fb7297ee13f652fc,Toxic Effects and Mechanisms of Polybrominated Diphenyl Ethers,in_vivo,True,False,zebrafish larvae,zebrafish,,,[],[],['polystyrene'],,,,,,,,,,,,,,,,,,,
49cb69f4b5144de0,"Impact of the Oral Administration of Polystyrene Microplastics on Hepatic Lipid, Glucose, and Amino Acid Metabolism in C57BL/6Korl and C57BL/6-Lep em1hwl /Korl Mice",in_vivo,False,True,C57BL/6Korl (WT) and C57BL/6-Lep em1hwl /Korl (leptin knockout) mice,mouse,,oral,['9 weeks'],[],['polystyrene'],circular-shaped,0.4–0.6 μm (mean); 0.5 μm detected in liver,serum,,,,,no change (WT); no change (Lep KO),increased (WT); no change (Lep KO),increased (WT); no change (Lep KO),increased (WT); no change (Lep KO),increased,,,,,,,
fb393851d95db2ed,Dynamic Impacts of Stock Enhancement on Kaluga Sturgeon (Huso dauricus): Novel Conservation Strategy Insights from the Gut Microbe Composition and Gene Expression Mode,in_vivo,False,True,Kaluga sturgeon,Huso dauricus,,,"['0 d', '7 d', '14 d', '30 d']","['Ori', 'D7FL', 'D14FL', 'D30FL']","['paraffin', 'paraffin wax', 'agarose']",,,serum,increased,increased,increased,,increased,,increased,,no_significant_change,,,,,,,
8bbd41abe0e1d3dc,Toxicity of Crude Oil Wastewater Treated with Nano-ZnO as a Photocatalyst on Labeo rohita: A Biochemical and Physiological Investigation,in_vivo,False,True,fish,Labeo rohita,,,['21 days'],"['Control', '0.5% untreated WSFO', '1% untreated WSFO', '5% WSFO treated with Nano-ZnO', '10% WSFO treated with Nano-ZnO', '5% WSFO treated without Nano-ZnO', '10% WSFO treated without Nano-ZnO']","['SDS', 'Tween 80', 'Triton X-100']",,,plasma,decreased,increased,increased,increased,,,increased,decreased,increased,,,,,,,
2b35e353b796e876,Combined Effects of Nano-Polystyrene and Heavy Metal Mixture on the Bioaccumulation of Heavy Metals and Physiological Changes in Macrobrachium rosenbergii,in_vivo,True,False,freshwater shrimp (Macrobrachium rosenbergii),Macrobrachium rosenbergii,,waterborne,['14 days'],"['Control', 'HMC 0.5 mg/L', 'HMC 0.5 mg/L + NP 50 µg/L', 'HMC 0.5 mg/L + NP 100 µg/L', 'HMC 0.5 mg/L + NP 200 µg/L', 'HMC 0.5 mg/L + NP 250 µg/L']",['polystyrene'],,100 nm; DLS ∼50 nm,,,,,,,,,,,,,,,,,
262b0b59c439b5a9,"Effects of Microplastic (MP) Exposure at Environmentally Relevant Doses on the Structure, Function, and Transcriptome of the Kidney in Mice",in_vivo,False,True,male C57BL/6 mice,mouse,male,drinking water,['8 weeks'],"['control', '0.1 mg/L (drinking water)', '1 mg/L (drinking water)']",['polystyrene (PS)'],microspheres,1 μm,serum,,,,,,,,,,decreased,no_change,,,,,
8e91ea385e1e9b81,Flaxseed Oil Alleviates PFOS-Induced Liver Injury by Regulating Hepatic Cholesterol Metabolism,in_vivo,False,True,C57BL/6J mice,C57BL/6J mice,male,oral gavage,"['4 weeks', '29 days (sacrifice)']","['Control: soybean oil 2 g/kg, oral gavage, 4 weeks', 'PFOS group: PFOS 10 mg/kg/day + soybean oil 2 g/kg', 'L-FO: FO:soybean oil 1:3 + PFOS 10 mg/kg/day', 'M-FO: FO:soybean oil 1:1 + PFOS 10 mg/kg/day', 'H-FO: pure FO + PFOS 10 mg/kg/day']",[],,,serum,,,,,decreased,decreased,decreased,decreased,,,,,,,,
55ec70c858390e89,Deleterious Effects of Polypropylene Microplastic Ingestion in Nile Tilapia (Oreochromis niloticus),in_vivo,False,True,Nile tilapia,Oreochromis niloticus,,dietary,['30 days'],"['control', '100 µg polypropylene/kg bw', '500 µg polypropylene/kg bw']",['polypropylene'],not reported,area 0.91 µm^2 (0.05–5.43 µm^2); perimeter 3.43 µm (0.89–9.82 µm),serum,increased,increased,,,,,increased,no_change,,,decreased,,,,,
a21096d4ae3625a6,Hepatic and metabolic outcomes induced by sub-chronic exposure to polystyrene microplastics in mice,in_vivo,False,True,C57BL/6 mice,mouse,,oral gavage,"['12 weeks', 'twice per week for 12 weeks']","['0.5 μm polystyrene MPs: 0.3 mg per exposure via oral gavage, twice weekly for 12 weeks', '5 μm polystyrene MPs: 0.3 mg per exposure via oral gavage, twice weekly for 12 weeks', 'Control: Milli-Q water via oral gavage, twice weekly for 12 weeks']",['polystyrene'],spherical,0.5 μm and 5 μm,serum,increased (0.5 μm group),increased (0.5 μm group); decreased (5 μm group),,,increased (5 μm group),,,increased (0.5 μm group),increased (both groups),no significant change,no significant change,,,,,
79df196e932c5c43,"Polystyrene nanoplastics exacerbate gentamicin-induced nephrotoxicity in adult rat by activating oxidative stress, inflammation and apoptosis pathways",in_vivo,True,True,Adult Wistar rats,rat,male,gavage,['15 days'],"['Control: saline i.p. or distilled water by gavage for 15 days', 'PS-NPs: 2.5 mg/kg/day by gavage for 15 days', 'GEN: 100 mg/kg/day i.p. for 15 days', 'GEN + PS-NPs: 100 mg/kg/day GEN i.p. + 2.5 mg/kg/day PS-NPs by gavage for 15 days']",['polystyrene'],,50 nm,plasma,,,,,,,,,,increased,increased,,,,,
abed1057fef60f99,Prenatal melatonin reprograms liver injury in male pups caused by maternal exposure to a high-fat diet and microplastics,in_vivo,False,True,Sprague Dawley rats; maternal exposure during pregnancy; male pups analyzed at PD7,Rat (Sprague Dawley),female dams (exposed); male pups analyzed,drinking water,['from conception onward'],"['HFD-Mi: HFD + microplastics (5 μm, 1000 μg/L)', 'HFD-Mi + M: HFD + microplastics (5 μm, 1000 μg/L) + melatonin (40 mg/L)', 'NCD-Mi: NCD + microplastics (5 μm, 1000 μg/L)', 'NCD-Mi + M: NCD + microplastics (5 μm, 1000 μg/L) + melatonin (40 mg/L)']",['polystyrene'],,5 μm,plasma,,,,,,,no significant differences among groups,,,,,,,,,
67fe56941b429f3c,Bioaccumulation and sub-chronic toxicity of microplastic environmentally relevant concentrations in Etroplus suratensis brackish water fish,in_vivo,False,True,juvenile Etroplus suratensis (pearl spot),Etroplus suratensis,,waterborne,['14 days'],"['0 mg/L', '0.2 mg/L', '2 mg/L', '4 mg/L']",['polystyrene'],not reported,1 µm,serum,increased,increased,increased,,,,increased,,increased,,,,,,,
ed0f93d00579500a,Effects of micro/nanoplastics on oxidative damage and serum biochemical parameters in rats and mice: a meta-analysis,in_vivo,False,True,randomized controlled adult rat or mouse experiments (meta-analysis),rats and mice,,,"['< 30 days', '30-60 days', '> 60 days']",[],['polystyrene'],,< 1 µm and ≥ 1 µm,serum,increase,increase,,,,,,,,,,,increase,,,
ae6169943eaa8695,Effects of micro/nanoplastics on oxidative damage and serum biochemical parameters in rats and mice: a meta-analysis,in_silico,False,True,Meta-analysis of rat/mouse in vivo studies,rats and mice,male and female,,"['< 30 days', '30-60 days', '> 60 days']",[],['polystyrene'],,1 nm–5 mm; subgrouped as < 1 μm and ≥ 1 μm,serum,increased,increased,,,,,,,,,,,increased,,,
45867d14b5434728,Multi-dimensional View of Microplastic Toxicity: Environmental and Health impacts,in_vivo,False,True,pond turtle (dietary exposure experiment),Emys orbicularis (pond turtle),,dietary,['30 days'],"['250 mg/kg', '500 mg/kg', '1000 mg/kg']","['PE', 'PP', 'PET', 'PVC', 'PS', 'HDPE', 'LDPE', 'PUR', 'PA', 'nylon', 'PLA', 'PTFE', 'PES', 'PAM']","multiple shapes (fibers, fragments, beads, foam, film, irregular, spherical)",various sizes (10 μm; 1–4 μm; <100 μm; 2–3 mm; 1 μm–5 mm; 2 ± 1 μm; 50 ± 10 μm; 0.1–5 μm; 13–18 μm; 90–150 μm; 20–27 μm; 460 nm),blood,,,,,,,,decreased,,,,,,,,
370ab17ab2cd1b4a,"Dietary exposure to polyvinyl chloride microparticles induced oxidative stress and hepatic damage in Clarias gariepinus (Burchell, 1822)",in_vivo,False,True,juvenile fish,Clarias gariepinus,,dietary,"['15 days', '30 days', '45 days', '30 days depuration']","['0% (control)', '0.5%', '1.5%', '3.0%']",['polyvinyl chloride (PVC)'],powdered,95.41 ± 4.23 μm,serum,mixed,increased,no_change,,,,,increased,increased,,,,,,,
092c01030fb1c1c6,Effects of microplastic exposure on the blood biochemical parameters in the pond turtle (Emys orbicularis),in_vivo,False,True,pond turtle,Emys orbicularis,,oral (diet),['30 days'],"['0 mg/kg diet (control)', '250 mg/kg diet', '500 mg/kg diet', '1000 mg/kg diet']","['polyethylene (high-density, PE100)', 'high-density polyethylene (PE100)']",powder,not reported,serum,increased at 500 and 1000 mg/kg diet; no change at 250 mg/kg,increased at 500 and 1000 mg/kg diet; no change at 250 mg/kg,increased at all MP concentrations; highest at 1000 mg/kg,decreased at 500 and 1000 mg/kg diet,,,increased at 500 and 1000 mg/kg,increased at 1000 mg/kg,increased at 500 and 1000 mg/kg,increased at 500 and 1000 mg/kg,increased at 500 and 1000 mg/kg,,,,,
c9084fb4926ba0af,Impacts of microplastics on reproductive performance of male tilapia (Oreochromis niloticus) pre-fed on Amphora coffeaeformis,in_vivo,False,True,Nile tilapia,Oreochromis niloticus,male,waterborne,['15 days'],"['Control (A0MP0): no MPs', 'A0MP: 10 mg/L MPs', 'A1MP: 10 mg/L MPs + 2.5% Amphora coffeaeformis', 'A2MP: 10 mg/L MPs + 5% Amphora coffeaeformis', 'A3MP: 10 mg/L MPs + 7.5% Amphora coffeaeformis']",[],irregular,More than 90% < 100 nm,serum,no change,no change,increased,,,,no change,,increased,,,,,,,
b785891987ed7ae1,"Nanoplastics-induced oxidative stress, antioxidant defense, and physiological response in exposed Wistar albino rats",in_vivo,True,True,Wistar albino rat,rat,male,oral gavage,['35 days'],"['0 mg/kg-day (control)', '1 mg/kg-day', '3 mg/kg-day', '6 mg/kg-day', '10 mg/kg-day']",['polystyrene'],spheres,25 and 50 nm nominal; mean hydrodynamic diameter 38.92 nm,serum,,,increased,increased,,,,increased,increased,increased,increased,,,,,
0773abe87f71f778,"Nanoplastics-induced oxidative stress, antioxidant defense, and physiological response in exposed Wistar albino rats",in_vivo,True,True,Wistar rat,Rat,male,oral gavage,['35 days'],"['0 mg/kg-day', '1 mg/kg-day', '3 mg/kg-day', '6 mg/kg-day', '10 mg/kg-day']",['polystyrene (PS)'],spheres,25 and 50 nm nominal; mean hydrodynamic diameter 38.92 nm,serum,,,increased (significant at 10 mg/kg-day),increased (significant at highest dose),,,,increased,increased,increased,increased,,,,,
81f0a21324f613b3,Effect of microplastics on Yersinia ruckeri infection in rainbow trout (Oncorhynchus mykiss),in_vivo,False,True,juvenile rainbow trout,Oncorhynchus mykiss,,waterborne,['30 days'],"['Control (no MPs, no Y. ruckeri)', 'MPs 500 mg Kg−1', 'MPs 1000 mg Kg−1', 'Y. ruckeri 5% LD50 + MPs 500 mg Kg−1', 'Y. ruckeri 5% LD50 + MPs 1000 mg Kg−1', 'Y. ruckeri 10% LD50 + MPs 500 mg Kg−1', 'Y. ruckeri 10% LD50 + MPs 1000 mg Kg−1']",['High-density polyethylene (PE100)'],powder,<0.02 mm,plasma,increase,increase,increase,decrease,decrease,decrease,decrease,increase,increase,,increase,,,,,
5ab7830d8d09eb8f,Exposure to microplastics leads to a defective ovarian function and change in cytoskeleton protein expression in rat,in_vivo,False,False,Adult Wistar rats,Rattus norvegicus,female,oral gavage,"['four estrous cycles', '24-26 days']","['control (ultrapure water by oral gavage)', 'PS-MPs 0.1 mg/day (1.5 × 10^6 particles/day), oral gavage']","['polystyrene (PS) microplastics', 'polystyrene (fluorescent FPS-MPs)', 'polystyrene (pristine PPS-MPs)']",spherical,5 μm diameter,serum,,,,,,,,,,,,,,,,
b74e10948422e517,Adverse effects of pristine and aged polystyrene microplastics in mice and their Nrf2-mediated defense mechanisms with tissue specificity,in_vivo,False,True,ICR mice,mouse,male,gavage,['1 week'],"['control', '0.01 mg/day pristine PS (LP-PS)', '1 mg/day pristine PS (HP-PS)', '0.01 mg/day aged PS (LA-PS)', '1 mg/day aged PS (HA-PS)']","['polystyrene', 'aged polystyrene', 'polystyrene microplastics (PS-MPs)', 'aged polystyrene microplastics (APS)']",not reported,5.24 ± 1.15 μm,serum,increased,increased,,,,,increased,increased,,,,,,,,
d8a9056682d9c89b,Reproductive and metabolic toxic effects of polystyrene microplastics in adult female Wistar rats: a mechanistic study,in_vivo,False,True,adult female Wistar rats,Wistar rat,female,,['45 days'],"['2.5 mg/kg/day', '5 mg/kg/day', '10 mg/kg/day']",['polystyrene'],,≤ 1 µm; average 876 nm,serum,,,,,decreased,increased,increased,increased,increased,,,,,,,
a6223ca6d84f3eab,Untargeted metabolomics and transcriptomics joint analysis of the effects of polystyrene nanoplastics on lipid metabolism in the mouse liver,in_vivo,True,True,C57 mice,mouse,,drinking water,['12 weeks'],['1000 μg/L NPs in drinking water'],['polystyrene'],microspheres,Diluted NPs Z-average 115.5 nm; 80% 70.2-132 nm; max ≤ 190 nm,serum,,,,,no_significant_change,increased,increased,no_significant_change,,,,,,,,
6051395867fc4870,Toxicity of pharmaceutical micropollutants on common carp (Cyprinus carpio) using blood biomarkers,in_vivo,False,True,juvenile common carp exposed in tanks,Cyprinus carpio,,water,['2 weeks'],"['bromazepam 15.54 µg/L', 'naproxen 14.40 µg/L', 'metoprolol 5.76 µg/L', 'sotalol 3.33 µg/L', 'control']",[],,,serum,increased (all exposed groups),"increased (bromazepam, naproxen, sotalol)",increased (all exposed groups),,,,,,increased (all exposed groups),,,,,,,
e1fa591214db34f8,Polystyrene Microplastics Induced Ovarian Toxicity in Juvenile Rats Associated with Oxidative Stress and Activation of the PERK-eIF2α-ATF4-CHOP Signaling Pathway,in_vivo,False,True,juvenile female Sprague Dawley rats,rat,female,oral gavage,['28 days'],"['0 (control)', '0.5 mg/kg/d', '2.0 mg/kg/d']",['polystyrene'],spherical,1 μm,serum,,,,,,,,,,,,,,,,
c4fe32b245be3c4d,Acute Toxicity Assessment of Orally Administered Microplastic Particles in Adult Male Wistar Rats,in_vivo,False,True,adult male Wistar rats,Rat,male,intragastric gavage,"['single dose', '24 h post-treatment']","['Q: 2.5 mL Milli-Q (control)', 'P1: 1.4 mg/kg MPs', 'P2: 35 mg/kg MPs', 'P3: 125 mg/kg MPs']",['PET'],irregular shape with higher aspect ratios; sawdust-like; fragmented fibrous,"median 85 μm (d10=35 μm, d90=170 μm)",serum,decreased in P1 vs Q,increased in P2 and P3 vs Q,no_change,no_change,no_change,no_change,no_change,increased in P2 and P3 vs Q,no_change,increased in P2 and P3 vs Q,increased in P2 and P3 vs Q; P3 > P1,no_change,no_change,increased in P2 and P3 vs Q,shifted towards prooxidants; increased in P2 and P3 vs Q,"increased in P3 vs Q, P1, P2"
01e20312115e73b7,Sodium Humate-Derived Gut Microbiota Ameliorates Intestinal Dysfunction Induced by Salmonella Typhimurium in Mice,in_vivo,False,True,Mouse model of Salmonella Typhimurium infection with sodium humate pretreatment and fecal microbiota transplantation,mouse,female,intragastric gavage,"['Survival monitored for 10 days', 'Main trial lasted 26 days; infection on day 22; sampling day 27', 'FMT: 1 week antibiotics; infection day 7; sampling day 12']","['Con', 'Mod', '0.1% HNa', '0.3% HNa', '0.5% HNa', 'Tre', 'HNa', 'FMT']",['polyvinylidene difluoride (PVDF)'],,,serum,,,,,,,,,,,,,,,,
e1ad6995c2d0fe19,Long-Term Exposure to Polystyrene Microspheres and High-Fat Diet-Induced Obesity in Mice: Evaluating a Role for Microbiota Dysbiosis,in_vivo,False,True,Male C57BL/6J mice on normal or high-fat diet with polystyrene microspheres in drinking water,Mouse,male,drinking water,['8 weeks'],"['ND control: filtered, autoclaved water (no PS-MS)', 'HFD control: filtered, autoclaved water (no PS-MS)', 'ND + PS-MS: 10 mg/L PS-MS in drinking water', 'HFD + PS-MS: 10 mg/L PS-MS in drinking water']",['polystyrene'],microspheres,5 μm (4.0–4.9 μm),plasma,,,,,no_change,increase,increase,no_change,increase,,,,,,,
c63443f137d984e2,"Assessment of Nonalcoholic Fatty Liver Disease Symptoms and Gut-Liver Axis Status in Zebrafish after Exposure to Polystyrene Microplastics and Oxytetracycline, Alone and in Combination",in_vivo,False,True,zebrafish,Danio rerio,,waterborne (tank water),['28 d'],"['Control', 'MPs 0.69 mg/L', 'OTC 3.00 μg/L', 'MP-OTC 0.69 mg/L MPs + 3.00 μg/L OTC']",['polystyrene (PS)'],spherical (monosphere),490 ± 25 nm diameter,serum,,,,,,,,,,,,,,,,
